{
  "todos": [
    {
      "title": "코드리뷰",
      "content": "완성된 코드 다시 확인해보기",
      "id": "BH-D_oYVvr_QEwsq9tgmT",
      "createdAt": "2022-08-14T08:12:08.490Z",
      "updatedAt": "2022-08-14T08:12:08.490Z"
    },
    {
      "title": "ㅇㅇ",
      "content": "ㅇㅇ",
      "id": "tI0vn1fmSGdc-cUuA5THS",
      "createdAt": "2022-08-15T12:08:38.054Z",
      "updatedAt": "2022-08-15T12:08:38.054Z"
    }
  ],
  "users": [
    {
      "email": "catlove@nate.com",
      "password": "12345678",
      "id": "3_DqhiAStIVdnHiejg21H",
      "createdAt": "2022-08-09T15:42:19.624Z",
      "updatedAt": "2022-08-09T15:42:19.624Z"
    },
    {
      "email": "sohyun@google.com",
      "password": "12345678",
      "id": "ykpsc-I1cAdFJmBb7HeMo",
      "createdAt": "2022-08-09T18:41:26.186Z",
      "updatedAt": "2022-08-09T18:41:26.186Z"
    },
    {
      "email": "sohyun1@google.com",
      "password": "12345678",
      "id": "ibic6UvJQSUGyoMFtO1qu",
      "createdAt": "2022-08-09T18:47:42.895Z",
      "updatedAt": "2022-08-09T18:47:42.895Z"
    },
    {
      "email": "doggy@naver.com",
      "password": "12345678",
      "id": "yzdKmzKw4bMQlUP73wQJq",
      "createdAt": "2022-08-09T18:51:25.489Z",
      "updatedAt": "2022-08-09T18:51:25.489Z"
    },
    {
      "email": "madking@you.com",
      "password": "12345678",
      "id": "lU9lyW6_FZH3FGeJXcL4Q",
      "createdAt": "2022-08-09T18:59:18.744Z",
      "updatedAt": "2022-08-09T18:59:18.744Z"
    },
    {
      "email": "mad1king@you.com",
      "password": "12345678",
      "id": "2oISGkAfHY4OLNnxHhzay",
      "createdAt": "2022-08-09T19:00:22.647Z",
      "updatedAt": "2022-08-09T19:00:22.647Z"
    },
    {
      "email": "ma21d1king@you.com",
      "password": "12345678",
      "id": "RUsqdqJhferzxuLut7Agj",
      "createdAt": "2022-08-09T19:00:41.869Z",
      "updatedAt": "2022-08-09T19:00:41.869Z"
    },
    {
      "email": "doridori@yahoo.com",
      "password": "12345678",
      "id": "0I71WdVivJSs8XflYIEfP",
      "createdAt": "2022-08-09T19:24:50.557Z",
      "updatedAt": "2022-08-09T19:24:50.557Z"
    },
    {
      "email": "qweeee@you.com",
      "password": "12345678",
      "id": "hXHwKDw-69TA6MSGCrX4C",
      "createdAt": "2022-08-09T19:27:59.358Z",
      "updatedAt": "2022-08-09T19:27:59.358Z"
    }
  ]
}